"control_definition","n_disease","n_control","disease_mean","control_mean","group_difference","hedges_g","hedges_g_ci_lower","hedges_g_ci_upper","p_value","bh_adjusted_p_value"
"living_donor_only",44,9,5.06933043425,3.75173349555556,1.31759693869444,1.56888512152444,0.789875085713929,2.34789515733495,8.00623893115748e-05,0.000120093583967362
"extended_controls",44,15,5.06933043425,3.99945478546667,1.06987564878333,1.29052051221695,0.658430114147776,1.92261091028613,6.95925661371444e-05,0.000120093583967362
"tumor_nephrectomy_only",44,6,5.06933043425,4.37103672033333,0.698293713916667,0.804892893029409,-0.0631512636173295,1.67293704967615,0.0663538987324994,0.0663538987324994
