"dataset","signature","n","background_gene_count","unadjusted_rho","broad_injury_pc1_adjusted_rho","p_value","bh_adjusted_p_value"
"GSE180394","ECM_remodeling",44,54,0.800845665961945,0.0725863284002819,0.639612521314725,0.639612521314725
"GSE180394","Collagen_formation",44,62,0.481324876673714,-0.191261451726568,0.213616992342137,0.384510586215847
"GSE180394","TGF_beta_signaling",44,65,0.611275546159267,-0.0848484848484849,0.583961363256156,0.639612521314725
"GSE180394","Inflammation",44,62,0.817477096546864,0.174207188160677,0.258068865105894,0.387103297658841
"GSE180394","Tubular_injury",44,67,0.824806201550388,0.385764622973925,0.0097050201853212,0.0667639338356662
"GSE180394","Maladaptive_repair",44,62,0.808315715292459,0.328118393234672,0.0296728594825183,0.0667639338356662
"GSE180394","Cellular_senescence",44,65,0.708104298801973,0.152783650458069,0.322122802356362,0.414157888743893
"GSE180394","Fibrosis",44,64,0.850739957716702,0.338971106412967,0.0243950934985115,0.0667639338356662
"GSE180394","Immune_activation",44,63,0.787174066243834,0.338125440451022,0.0247760056778661,0.0667639338356662
