"dataset","contrast","n_disease","n_control","disease_mean","control_mean","group_difference","hedges_g","p_value","bh_adjusted_p_value"
"GSE139061","AKI_vs_Control",39,9,8.00997004657669,6.92432682255978,1.08564322401691,0.415280824701328,0.378139903641706,0.378139903641706
"GSE30718","AKI_vs_Control",28,11,11.3489540251685,10.2873391152961,1.06161490987244,1.29295792027597,0.000108566328609317,0.00032569898582795
"GSE66494","CKD_vs_Control",53,8,3.28108481106289,2.86446798730586,0.41661682375703,0.44888167320389,0.00603497202011656,0.00905245803017484
