"dataset","contrast","n_disease","n_control","hedges_g","hedges_g_ci_lower","hedges_g_ci_upper","bootstrap_repetitions"
"GSE139061","Disease_vs_Control",39,9,0.415280824701328,-0.428593534503178,1.34621755339054,2000
"GSE30718","Disease_vs_Control",28,11,1.29295792027597,0.731881764386033,2.11951735675184,2000
"GSE66494","Disease_vs_Control",53,8,0.44888167320389,0.180057229967575,0.75655790398079,2000
"GSE180394","Disease_vs_Living_Donor",44,9,1.56888512152444,1.1030902034585,2.24990955651699,2000
